Agent 0,-0.3807087914053575,-1.0487270085162883
Agent 1,-0.7528030561697089,-0.6196748726648926
Agent 2,-0.6640115376104528,-0.604811949349119
Agent 3,-0.8077972348898456,-0.5501422900579476
Agent 4,-1.0152426175306604,-0.19376414459087354
Agent 5,-1.0351608656928397,0.17112282587084493
Agent 6,-1.0301040102718637,0.49447976344076044
Agent 7,-1.0209790883528955,0.8057606192915271
Agent 8,-0.9977615976422399,1.108973886790962
Agent 9,-1.001984389441558,1.411008421831053
Agent 0,1.2240120253198815e-12,0.10999999996131511
Agent 1,1.223954466254742e-12,0.2799999999613151
Agent 2,1.2241420173487143e-12,0.4799999999613151
Agent 3,1.2238346288803974e-12,0.6599999999613151
Agent 4,1.2238346288803974e-12,0.869999999961315
Agent 5,1.2238346288803974e-12,1.0399999999613152
Agent 6,1.2238346288803974e-12,1.2099999999613151
Agent 7,1.2238346288803974e-12,1.3699999999613153
Agent 8,1.2238346288803974e-12,1.5299999999613152
Agent 9,1.224091730061427e-12,1.6999999999613151
Agent 0,1.8753962979219643e-08,0.11803794103667059
Agent 1,8.383084123351149e-06,0.28358183474638154
Agent 2,3.232106227261468e-06,0.481966523270546
Agent 3,1.8795439959338432e-06,0.6614581546385576
Agent 4,1.15384820203092e-06,0.8711427041775067
Agent 5,8.031993380636838e-07,1.0409788564600388
Agent 6,5.799703570786124e-07,1.2108583593249393
Agent 7,4.385962571861181e-07,1.370770154096246
Agent 8,3.3908900217827527e-07,1.5306987983038072
Agent 9,2.6339301556733077e-07,1.7006363783526501
Agent 0,1.9549245350495034e-08,0.13411471254886664
Agent 1,8.735947677832368e-05,0.29071335503591333
Agent 2,3.37285498215982e-05,0.48589023888445565
Agent 3,1.9437648347918685e-05,0.6643707519043168
Agent 4,1.2292899283822244e-05,0.8734263681038602
Agent 5,8.525276357547471e-06,1.0429355043309778
Agent 6,6.135091486068345e-06,1.212574385783143
Agent 7,4.625390280681298e-06,1.3723099822173157
Agent 8,3.565086942290902e-06,1.532096052313773
Agent 9,2.7601082103679854e-06,1.7019088898566679
Agent 0,3.0960584365918605e-08,0.15019134560162956
Agent 1,0.000269821584512399,0.29766983665914254
Agent 2,0.00010325020312552328,0.4897873896293396
Agent 3,5.8956135838391455e-05,0.6672730277634994
Agent 4,3.535659208959376e-05,0.8757052305436585
Agent 5,2.4426582310297176e-05,1.0448891935612796
Agent 6,1.7413045005470722e-05,1.2142884512989778
Agent 7,1.310048162778061e-05,1.3738484133051325
Agent 8,1.007914317602051e-05,1.5334922754418256
Agent 9,7.790196511425869e-06,1.7031806317333402
Agent 0,5.087614112558712e-08,0.16626807855082149
Agent 1,0.0005651217539070285,0.3044045334670015
Agent 2,0.00021558200958861413,0.4936495050365268
Agent 3,0.00012224627332789489,0.6701617011498334
Agent 4,7.19132592396647e-05,0.8779778075916628
Agent 5,4.948281056498622e-05,1.0468390272439698
Agent 6,3.530261603146454e-05,1.2159999669853845
Agent 7,2.6492001975013858e-05,1.3753850316387233
Agent 8,2.0337699777282644e-05,1.5348871627887422
Agent 9,1.568711588427098e-05,1.704451377297129
Agent 0,1.2179258945524794e-05,0.182185447289628
Agent 1,0.0009944613225096775,0.3109288133221878
Agent 2,0.00037404361545123344,0.49747584608901985
Agent 3,0.0002099969561953313,0.6730363474909771
Agent 4,0.00012279009939370345,0.8802438908799477
Agent 5,8.42184886452619e-05,1.048784890174206
Agent 6,6.0037789457576915e-05,1.2177088666296654
Agent 7,4.496427558992543e-05,1.3769197959052073
Agent 8,3.448540711781385e-05,1.5362806872937032
Agent 9,2.6570556267922795e-05,1.705721108781752
Agent 0,0.0001786331150084667,0.19678541687502446
Agent 1,0.0015791241979672861,0.3172489347903379
Agent 2,0.0005842972979406261,0.5012651944376062
Agent 3,0.0003248942280144516,0.6758963691401322
Agent 4,0.00018866762812214227,0.8825032400763206
Agent 5,0.00012905396927260064,1.0507266529673873
Agent 6,9.17098445972278e-05,1.2194150820049745
Agent 7,6.857620889935982e-05,1.3784526649452578
Agent 8,5.252088719221856e-05,1.5376728240395228
Agent 9,4.0430584934960166e-05,1.7069898108738166
Agent 0,0.0005714175391361713,0.209465852157929
Agent 1,0.0023430208066207033,0.3233641600540982
Agent 2,0.0008525058528879473,0.5050157174272702
Agent 3,0.00046977399097521973,0.6787409986036458
Agent 4,0.0002705024697560586,0.884755560472423
Agent 5,0.00018446016993859733,1.0526641638040903
Agent 6,0.00013069448713230947,1.2211185262748983
Agent 7,9.755732643957871e-05,1.3799835864758843
Agent 8,7.458148242183261e-05,1.5390635401335646
Agent 9,5.7332702512788914e-05,1.7082574629270537
Agent 0,0.0012348657079316425,0.22076829207867302
Agent 1,0.0033116393408921196,0.3292655951856386
Agent 2,0.0011848093682339978,0.5087248639582785
Agent 3,0.0006471443720589214,0.6815692874090225
Agent 4,0.00036959524238654927,0.8870004893119144
Agent 5,0.00025110367767599754,1.054597241949484
Agent 6,0.00017758245247729925,1.2228190964561798
Agent 7,0.00013225400088810884,1.3815125003457238
Agent 8,0.00010094393588429478,1.5404527977035778
Agent 9,7.746153916693447e-05,1.709524041256811
Agent 0,0.0022227141445209297,0.23104877569384963
Agent 1,0.004510788807697341,0.3349344926737316
Agent 2,0.0015875163779225157,0.5123892106419711
Agent 3,0.0008593756366566265,0.6843800790590826
Agent 4,0.0004874311471771962,0.8892375874738443
Agent 5,0.0003298914103541334,1.0565256689990838
Agent 6,0.00023290868057588692,1.224516675448002
Agent 7,0.00017306160526997527,1.383039337105401
Agent 8,0.00013189179294941707,1.541840553762173
Agent 9,0.00010104768557893889,1.710789518750664
Agent 0,0.0035931124523439664,0.24049187409465952
Agent 1,0.005965050852298927,0.3403401071712359
Agent 2,0.002067367591311429,0.5160042451093496
Agent 3,0.0011090612789817727,0.687171950850317
Agent 4,0.0006253691560199877,0.8914663423332189
Agent 5,0.0004216971138452271,1.058449192802261
Agent 6,0.00029709076473804407,1.2262111339628095
Agent 7,0.00022031162946901676,1.384564020037916
Agent 8,0.000167636454072009,1.5432267619605065
Agent 9,0.00012825162906368408,1.7120538664495102
Agent 0,0.005407880594046526,0.24917669026722955
Agent 1,0.0076932298964329845,0.3454378625481638
Agent 2,0.002632213777950375,0.5195640142007211
Agent 3,0.0013995429731279224,0.6899431083928274
Agent 4,0.000784624616802784,0.893686164157376
Agent 5,0.0005272708264313264,1.0603675292932575
Agent 6,0.00037045629829043973,1.2279023303048548
Agent 7,0.00027424937823961043,1.386086466241089
Agent 8,0.0002083232491410486,1.544611372925142
Agent 9,0.0001591631697309711,1.7133170543082232
Agent 0,0.004265023169973986,0.2455569498655441
Agent 1,0.005523403135900093,0.3404519684464202
Agent 2,0.001464809609033276,0.5134238910541121
Agent 3,0.0005892824840008344,0.6833442160058071
Agent 4,0.00021468953542460234,0.8867852042073728
Agent 5,0.0005550484064889303,1.0613416337952102
Agent 6,0.0003755861373350505,1.2287742721834507
Agent 7,0.0002771504817562522,1.3868690536527841
Agent 8,0.0002046199379247499,1.545326488612753
Agent 9,0.00015257159694358617,1.7139704402100286
Agent 0,-0.00022128841889544544,0.23010931408474225
Agent 1,-0.000757218234226559,0.32564537102809965
Agent 2,-0.001506505477226759,0.49762317735635747
Agent 3,-0.00135713013510312,0.6673854555647131
Agent 4,-0.0011036298155944146,0.8707625138840688
Agent 5,-0.005011449733657178,1.0460106918012948
Agent 6,-0.004983930478177095,1.2133710494349483
Agent 7,-0.004942210166809031,1.3714182860854436
Agent 8,-0.0027899889759326136,1.5417280893220366
Agent 9,-0.0028211216299597166,1.7103852368065227
Agent 0,-0.00472754711245761,0.21467821134508125
Agent 1,-0.0070504764568217046,0.310854305199109
Agent 2,-0.0044826234944569795,0.48182514518218933
Agent 3,-0.0033059435935447997,0.6514277164186391
Agent 4,-0.0024231803645545966,0.8547403143824135
Agent 5,-0.005011507086091908,1.0460103567072714
Agent 6,-0.0049839817710383,1.213370721793652
Agent 7,-0.0049422646409820435,1.3714179409082794
Agent 8,-0.003052023689304727,1.5400001444830405
Agent 9,-0.0014080088177750468,1.7112671668589283
Agent 0,-0.00925285981041249,0.19925364304765758
Agent 1,-0.01335566096872072,0.29606806309747424
Agent 2,-0.0074618471639049085,0.46602737746419565
Agent 3,-0.0052561556386786475,0.6354699166833567
Agent 4,-0.0037433865813034164,0.8387179826417507
Agent 5,-0.008979007399379046,1.0357404782606636
Agent 6,-0.008815687567581366,1.2030475514682704
Agent 7,-0.008680727260699834,1.3610790642572592
Agent 8,-0.005095298569036036,1.5368123059897978
Agent 9,-0.001501048172991458,1.7109786909262288
Agent 0,-0.01378324687288373,0.1838293981882876
Agent 1,-0.019663541599559062,0.28128139520181344
Agent 2,-0.010441705143492288,0.45022935402452774
Agent 3,-0.007206612493664456,0.6195119691449682
Agent 4,-0.005063691812052217,0.8226955524027698
Agent 5,-0.014937823164850083,1.0208682993127922
Agent 6,-0.014562408470001438,1.188091264590333
Agent 7,-0.01428211245249695,1.3460672066758534
Agent 8,-0.010427543546790347,1.5291324453902582
Agent 9,-0.009345020756562496,1.6967519062956495
Agent 0,-0.018312671230785366,0.16840404211222526
Agent 1,-0.025970622099773733,0.26649352498735807
Agent 2,-0.013421295856393421,0.43443110538153806
Agent 3,-0.00915692750471946,0.6035539258425142
Agent 4,-0.006383923626129327,0.8066730700520081
Agent 5,-0.02092435723327555,1.0059566991675215
Agent 6,-0.020336405692138584,1.1730957527625296
Agent 7,-0.01991048019324138,1.3310162550168028
Agent 8,-0.014600768706597702,1.5244725189295054
Agent 9,-0.01608056841736522,1.6865162051487448
Agent 0,-0.022840799818808367,0.15297803019103456
Agent 1,-0.03227691611426206,0.25170509263597435
Agent 2,-0.01640065004554987,0.41863277368709845
Agent 3,-0.01110713364571566,0.5875958498446947
Agent 4,-0.007704103394569723,0.7906505702452443
Agent 5,-0.026918071685081552,0.9910349611107154
Agent 6,-0.0261175176381261,1.1580902887435007
Agent 7,-0.025545951500364112,1.3159554519414745
Agent 8,-0.015225473733806,1.5238631138663365
Agent 9,-0.024168751196261138,1.6755312482504592
Agent 0,-0.027368531623914335,0.13755190931220979
Agent 1,-0.03858299603466421,0.2369166153994091
Agent 2,-0.019379959337567507,0.402834437323619
Agent 3,-0.013057322704376855,0.5716377710968786
Agent 4,-0.009024276411910984,0.7746280674670075
Agent 5,-0.03291299323889048,0.9761147828017269
Agent 6,-0.031899810657546226,1.1430864208845104
Agent 7,-0.031182604964330705,1.300896260641145
Agent 8,-0.02398357544661936,1.5123377759852852
Agent 9,-0.032769228136179274,1.6619945221846188
Agent 0,-0.031896395201635605,0.1221258747732799
Agent 1,-0.04488916912446436,0.2221282372597373
Agent 2,-0.022359304510870842,0.38703611442326125
Agent 3,-0.015007530235511976,0.5556796960112144
Agent 4,-0.01034445885422961,0.7586055651960201
Agent 5,-0.03890848163707233,0.9611972156203549
Agent 6,-0.03768265744145051,1.128085142927729
Agent 7,-0.03681980339474347,1.285839643585356
Agent 8,-0.033499568081775434,1.499416484469046
Agent 9,-0.041437542326827816,1.6484527317762225
Agent 0,-0.03642443713712474,0.10669991435897679
Agent 1,-0.05119544981211703,0.20733992612721155
Agent 2,-0.025338681656491027,0.3712377993562067
Agent 3,-0.016957752711376763,0.5397216229760957
Agent 4,-0.011630191343975945,0.7440316626383625
Agent 5,-0.044904606328369415,0.9462807049061186
Agent 6,-0.043466128334877646,1.1130849014034558
Agent 7,-0.04245761602385744,1.2707840508173647
Agent 8,-0.04307220036845671,1.4865005308679569
Agent 9,-0.05012902129715772,1.6349211614695411
Agent 0,-0.04095255361692342,0.09127397830769003
Agent 1,-0.057501771530866344,0.19255163263895816
Agent 2,-0.028318069291130808,0.3554394857781145
Agent 3,-0.01890797975084531,0.5237635500827184
Agent 4,-0.013820625957773966,0.7281003569310132
Agent 5,-0.05090085592255463,0.9313642231899408
Agent 6,-0.04924972212883189,1.0980846856049278
Agent 7,-0.04809554970128121,1.2557284825226358
Agent 8,-0.05267054627306185,1.4735968209406987
Agent 9,-0.058825135862991366,1.6213960838808186
Agent 0,-0.045480675236587886,0.07584804112836031
Agent 1,-0.06380809401047324,0.1777633357443605
Agent 2,-0.03129745629245181,0.3396411714499316
Agent 3,-0.020858206329466437,0.5078054766731416
Agent 4,-0.015974766086145835,0.7121737138863233
Agent 5,-0.05689698960172313,0.9164475401813237
Agent 6,-0.055033202586593104,1.08308427206876
Agent 7,-0.05371933129435063,1.2407213439962623
Agent 8,-0.062269042857719385,1.4606986153484451
Agent 9,-0.06709292671136918,1.6086399807909515
Agent 0,-0.0500087859131298,0.06042209881031718
Agent 1,-0.07011440954349943,0.16297503381114786
Agent 2,-0.034276841103583255,0.32384285641941335
Agent 3,-0.02280843184732286,0.49184740284748674
Agent 4,-0.018107125925399974,0.696242425211879
Agent 5,-0.06289302172515575,0.9015307379563021
Agent 6,-0.060816583523122573,1.068083742199816
Agent 7,-0.05873260196123271,1.2277038082143452
Agent 8,-0.07186643471586927,1.447800971632554
Agent 9,-0.07622903717920433,1.5954098123204163
Agent 0,-0.05448866771879376,0.05776097040788027
Agent 1,-0.07642072208602826,0.14818673005609206
Agent 2,-0.037256225081510025,0.3080445410659922
Agent 3,-0.02475865694409266,0.4758893288687792
Agent 4,-0.020236515240176358,0.6803081240591521
Agent 5,-0.06888902140553675,0.8866139077045888
Agent 6,-0.0665999325683397,1.053083185165011
Agent 7,-0.06558159015173781,1.2131471310766142
Agent 8,-0.08146264368465564,1.434902625184073
Agent 9,-0.08534421017888705,1.5821694276655545
Agent 0,-0.058598074216963385,0.0569375015908002
Agent 1,-0.08272703490112181,0.13339842641753855
Agent 2,-0.04023560913681838,0.292246225600975
Agent 3,-0.026708882024526787,0.45993125496690246
Agent 4,-0.02236886693595187,0.6643731855689221
Agent 5,-0.07488502382409419,0.8716970837192767
Agent 6,-0.072383284227892,1.0380826342928628
Agent 7,-0.07237552668883467,1.1985905185465204
Agent 8,-0.0910585881812398,1.4220038647358013
Agent 9,-0.09355556489193012,1.5704031169701866
Agent 0,-0.06259087533925603,0.055743288711599545
Agent 1,-0.08915379396809864,0.12310185582965791
Agent 2,-0.043214993410779994,0.2764479100977501
Agent 3,-0.028659107175018655,0.44397318120531604
Agent 4,-0.024359429467005218,0.6502150461410696
Agent 5,-0.08088103318864084,0.8567802675093531
Agent 6,-0.07816664268103436,1.023082090999419
Agent 7,-0.07914560372620928,1.1840187691737987
Agent 8,-0.10065462252504653,1.4091050523564805
Agent 9,-0.10350253778833762,1.557764071637505
Agent 0,-0.0662071227661572,0.05424347674326627
Agent 1,-0.0952313934385963,0.12067122648700826
Agent 2,-0.046194377778148714,0.2606495946814033
Agent 3,-0.030609332392996024,0.42801510754225164
Agent 4,-0.02755338331594535,0.6344517826783912
Agent 5,-0.08687704474069453,0.8418634537544789
Agent 6,-0.08395000329216296,1.0080815501047575
Agent 7,-0.085915854662124,1.169440041930749
Agent 8,-0.11025076973767725,1.3962062981423655
Agent 9,-0.11340794756569363,1.5451132528557079
Agent 0,-0.06962415735790826,0.052978435784560296
Agent 1,-0.09971085388778606,0.1178906527960805
Agent 2,-0.049173762176825155,0.24485127940424653
Agent 3,-0.03255955769654069,0.41205703383370057
Agent 4,-0.030703389328397928,0.6186947373155935
Agent 5,-0.0928730555320099,0.8269466397166828
Agent 6,-0.08973336317167026,0.9930810089507014
Agent 7,-0.09269184735740658,1.1548607599820577
Agent 8,-0.11984696067771311,1.383307582709734
Agent 9,-0.12329730354852221,1.5324463479702721
Agent 0,-0.07162725044536511,0.05223058002114841
Agent 1,-0.10489922210232083,0.11578799236619543
Agent 2,-0.05215314661770946,0.22905296425006338
Agent 3,-0.034509783088813716,0.3960989600105231
Agent 4,-0.03382865577287714,0.6029302126086689
Agent 5,-0.09886906530416062,0.81202982508682
Agent 6,-0.09551672205470457,0.9780804672310425
Agent 7,-0.0994705377709519,1.1402824075778062
Agent 8,-0.12944315159793773,1.3704088745517133
Agent 9,-0.13318761904735477,1.519774245693847
Agent 0,-0.07276497094435003,0.05178800510180486
Agent 1,-0.11034195611252004,0.11382460466991759
Agent 2,-0.055132531123668144,0.21325464907333397
Agent 3,-0.036460008528982846,0.38014088608356705
Agent 4,-0.036951317493462275,0.5871610896019782
Agent 5,-0.10486507464209746,0.7971130102333153
Agent 6,-0.10130008050492412,0.9630799252951323
Agent 7,-0.10539167135420853,1.1278016092271965
Agent 8,-0.13903933352844464,1.3575101623002603
Agent 9,-0.1421495730985938,1.5084446173845198
Agent 0,-0.07464702647499198,0.051053699014039416
Agent 1,-0.11285953098135343,0.11208932392048356
Agent 2,-0.05811191566689552,0.19745633377519076
Agent 3,-0.03835698313863671,0.36509830813854904
Agent 4,-0.04007803868329619,0.571391046637125
Agent 5,-0.11086108395075121,0.7821961952897158
Agent 6,-0.10708343891638754,0.9480793832651141
Agent 7,-0.11338406732628518,1.11383781912229
Agent 8,-0.14863551089279844,1.344611446811722
Agent 9,-0.1528079697898476,1.496400152537467
Agent 0,-0.07521421286008084,0.050810145666429114
Agent 1,-0.11628907001759566,0.11079332242514857
Agent 2,-0.06109130018685973,0.18165801834222725
Agent 3,-0.040858272083940474,0.3492156241129084
Agent 4,-0.043207135951982605,0.5556213502970228
Agent 5,-0.11685709331095147,0.7672793802428372
Agent 6,-0.11286679737231402,0.9330788411284513
Agent 7,-0.12131846584064881,1.0998726886016295
Agent 8,-0.1582316878535829,1.3317127307406147
Agent 9,-0.16342791997493397,1.4843416721045701
Agent 0,-0.07639197066102657,0.05027354333571543
Agent 1,-0.12040040151147396,0.10537204084250325
Agent 2,-0.06407068462568992,0.16585970288983845
Agent 3,-0.04333605467513338,0.3333329503673696
Agent 4,-0.04601090189929866,0.542033962900111
Agent 5,-0.12285310268713306,0.7523625650838898
Agent 6,-0.11865015584552062,0.918078298880819
Agent 7,-0.1292321235010382,1.0858899897186698
Agent 8,-0.16782786562089594,1.3188140151107945
Agent 9,-0.17403454052912892,1.4722661137829076
Agent 0,-0.0772844167630275,0.04985062849948737
Agent 1,-0.12367476037098081,0.10294783075310365
Agent 2,-0.06704988162434934,0.15006158085409038
Agent 3,-0.04579867099814292,0.31744720268506205
Agent 4,-0.05042882288200758,0.5265649018815574
Agent 5,-0.12884911203652308,0.7374457499331859
Agent 6,-0.12443351430061592,0.9030777566464797
Agent 7,-0.13714536787197348,1.0718994820307761
Agent 8,-0.17742404399523615,1.3059152997280081
Agent 9,-0.18439983027181103,1.4605034443952445
Agent 0,-0.07781009412396647,0.04988350910874714
Agent 1,-0.12782858422012544,0.09968037441933361
Agent 2,-0.06569182001416324,0.13445951149334076
Agent 3,-0.04798879245158317,0.3040052550844033
Agent 4,-0.05479305583300665,0.5111049144031637
Agent 5,-0.13484512136711777,0.7225289349039894
Agent 6,-0.1296649022085326,0.8897698409083407
Agent 7,-0.14506504505811382,1.0579085374977104
Agent 8,-0.1870202225552663,1.2930165843322028
Agent 9,-0.19504427132665064,1.4487739983283867
Agent 0,-0.07735040042894166,0.04990812155985917
Agent 1,-0.135563912519678,0.0897045006750088
Agent 2,-0.0672320042982586,0.12581443254166064
Agent 3,-0.051895628014014865,0.2883956751553537
Agent 4,-0.05913034323548105,0.4956334941265499
Agent 5,-0.1408411307138883,0.7076121200216969
Agent 6,-0.13643889779298995,0.8751818650376566
Agent 7,-0.15290648467859677,1.0440912214932316
Agent 8,-0.19661640110040574,1.2801178688561485
Agent 9,-0.20519931406583622,1.4378572067196929
Agent 0,-0.0774154461234004,0.049855272743941685
Agent 1,-0.14007676965042065,0.08578755465260293
Agent 2,-0.06806638088289316,0.12313930351964932
Agent 3,-0.055745196898503845,0.2728021137697654
Agent 4,-0.06346643779174328,0.4801551540560066
Agent 5,-0.14683714011498064,0.6926953051834548
Agent 6,-0.14316777534315153,0.8605907391411654
Agent 7,-0.16034583517374665,1.0313440199316135
Agent 8,-0.2062125795438258,1.2672191534155253
Agent 9,-0.21659297583375903,1.4265123128403998
Agent 0,-0.07750722060816112,0.04960669505503612
Agent 1,-0.14236772561986705,0.08267865368386362
Agent 2,-0.07083374528648742,0.1217806337674383
Agent 3,-0.059566209349200434,0.2571972165661465
Agent 4,-0.06780816968850421,0.4646754793526029
Agent 5,-0.15283314957480332,0.677778490252263
Agent 6,-0.1498749381445939,0.8459867323639092
Agent 7,-0.16904966659771808,1.0178231058515046
Agent 8,-0.21580875789156764,1.2543204380726265
Agent 9,-0.22795713886292585,1.4151466538318278
Agent 0,-0.07750603368650502,0.04970189894409736
Agent 1,-0.1454245305484903,0.07207840376599604
Agent 2,-0.07344918102439783,0.12283481759864269
Agent 3,-0.06338623571777832,0.24158415718150866
Agent 4,-0.07215285729436344,0.4491963382715857
Agent 5,-0.15882915904698408,0.6628616751813374
Agent 6,-0.15658109086001631,0.8313773562081695
Agent 7,-0.17771769148760108,1.0042895894736452
Agent 8,-0.22540493618415866,1.2414217228100588
Agent 9,-0.23841659078298374,1.4047753480610505
Agent 0,-0.07762473443129062,0.04972854367056667
Agent 1,-0.14956933608438486,0.05752279949272429
Agent 2,-0.0759638208885084,0.11721520762348762
Agent 3,-0.06721253179272822,0.22596909602447512
Agent 4,-0.07649802183680203,0.4337176458607444
Agent 5,-0.16482516846841785,0.647944860031719
Agent 6,-0.16296372448348023,0.8176232716721791
Agent 7,-0.18636900611711937,0.9907432083186435
Agent 8,-0.23500111451657216,1.2285230075054
Agent 9,-0.25033366429048215,1.3939789572768937
Agent 0,-0.07770482418806497,0.04986345579154596
Agent 1,-0.1510629590408658,0.04147909664359058
Agent 2,-0.07699430597804843,0.11917515970150937
Agent 3,-0.07104216501053193,0.2103544327710016
Agent 4,-0.08025804606366924,0.4207187679215283
Agent 5,-0.17082117779485045,0.6330280449432388
Agent 6,-0.1701780001778868,0.8032537226342477
Agent 7,-0.1938866968822969,0.9791651578136991
Agent 8,-0.2440150092742736,1.2165182075366783
Agent 9,-0.2622245190617029,1.3831623366827093
Agent 0,-0.07897369512391662,0.048974386546540516
Agent 1,-0.15183531369560188,0.02542480453788903
Agent 2,-0.07885679765064374,0.11742375705541061
Agent 3,-0.07487230985122324,0.19474027014817175
Agent 4,-0.08605279246303091,0.40570671219957805
Agent 5,-0.1768171870579031,0.6181112299739735
Agent 6,-0.17736992522558417,0.7888776614768437
Agent 7,-0.20366575098555165,0.9663879589377055
Agent 8,-0.25412325563021537,1.204013787273548
Agent 9,-0.27361399147214327,1.3728427599139916
Agent 0,-0.07851765558899823,0.04936934223190209
Agent 1,-0.15255106332618834,0.009364063611592463
Agent 2,-0.07962830926909553,0.11738506244092839
Agent 3,-0.07789430611578595,0.18861827267817216
Agent 4,-0.09178574923207447,0.3907054859312174
Agent 5,-0.1828131963317173,0.6031944150993566
Agent 6,-0.1837996126371126,0.776244573403764
Agent 7,-0.21338889847575135,0.9536046970207731
Agent 8,-0.264207602115672,1.1914968008459754
Agent 9,-0.28577697026354537,1.3623288556677444
Agent 0,-0.08247208830781776,0.047496545425916845
Agent 1,-0.15302525836427774,-0.001167019362426571
Agent 2,-0.08282378251886033,0.11329729925889816
Agent 3,-0.08062139683612603,0.18652547745308204
Agent 4,-0.09749169680126865,0.37568893508062395
Agent 5,-0.1888092057033249,0.5882776001889027
Agent 6,-0.19198713885608934,0.7623991162093084
Agent 7,-0.22309703477292966,0.9408018185177116
Agent 8,-0.2730748637090122,1.180629325596347
Agent 9,-0.2967934223508949,1.3529016124984448
Agent 0,-0.08241830453523195,0.04768253925877699
Agent 1,-0.15933987420468168,-0.010330457823664423
Agent 2,-0.08358508372003677,0.11747617904365758
Agent 3,-0.08193955531233899,0.18736743688161722
Agent 4,-0.1031985968169751,0.36066330565894933
Agent 5,-0.1948052151818143,0.5733607851800738
Agent 6,-0.20012691624795428,0.74854768871666
Agent 7,-0.23280392676465583,0.9279910961389897
Agent 8,-0.2840817952827821,1.1688999075818491
Agent 9,-0.30954459968474407,1.343102951528033
Agent 0,-0.08379064662382268,0.04710602981630622
Agent 1,-0.16866799245916392,-0.02295522023916996
Agent 2,-0.08580735683692375,0.11221233801980246
Agent 3,-0.0858802970700611,0.18305213879881416
Agent 4,-0.10891266882203267,0.34563607630615006
Agent 5,-0.20080122470900486,0.5584439700756212
Agent 6,-0.20824729773065567,0.7346811920852104
Agent 7,-0.24251735399785618,0.9151803718324952
Agent 8,-0.2950404325424876,1.157155367025539
Agent 9,-0.3222634711201447,1.3332772455713802
Agent 0,-0.0859264772040957,0.046679317045800514
Agent 1,-0.17291242259851852,-0.028186107808233787
Agent 2,-0.0882529662329021,0.11621912382787027
Agent 3,-0.08877030650239902,0.18519945148951977
Agent 4,-0.11463020427208251,0.33060959686901054
Agent 5,-0.20628391991800663,0.5450378469683039
Agent 6,-0.21636830253805506,0.720808909580474
Agent 7,-0.2509148727055426,0.9042889031325297
Agent 8,-0.3059869326551349,1.1453917085316292
Agent 9,-0.33476940896165686,1.3236111074632044
Agent 0,-0.08714084450298347,0.04577944701137354
Agent 1,-0.18084329230218893,-0.040617343498328
Agent 2,-0.08883421004096376,0.11789152603501978
Agent 3,-0.0929060780876076,0.18401565254871072
Agent 4,-0.12034818206950106,0.3155837050002864
Agent 5,-0.21316464864140575,0.5305015829365866
Agent 6,-0.22381559550127256,0.7082648534382545
Agent 7,-0.26171305399540196,0.8923628177290929
Agent 8,-0.3168657663304489,1.1337080441863416
Agent 9,-0.3465608565672856,1.3147643846635586
Agent 0,-0.08831283228483773,0.04517661679693043
Agent 1,-0.18461041557728758,-0.04771402850089127
Agent 2,-0.08976062596539888,0.11824262404054296
Agent 3,-0.09483082284446483,0.1875426886359378
Agent 4,-0.12549381179166091,0.3023280654604403
Agent 5,-0.22000507966944888,0.5159604752868509
Agent 6,-0.23271058888556612,0.6948664301367925
Agent 7,-0.27245323028255986,0.8804236296217984
Agent 8,-0.3265814896851902,1.1235057732584004
Agent 9,-0.3598400178067186,1.3056960696344966
Agent 0,-0.08923313547234354,0.04471052343243005
Agent 1,-0.1863190926207721,-0.05099563777415101
Agent 2,-0.09137300026224476,0.11666971214047893
Agent 3,-0.10087447624485281,0.18358745743410068
Agent 4,-0.13224683158083542,0.2877295463796101
Agent 5,-0.2268252902550557,0.5014075036201406
Agent 6,-0.24156918791382315,0.6814583947323462
Agent 7,-0.2831806826359616,0.8684627001592407
Agent 8,-0.3384317797207323,1.112628652532089
Agent 9,-0.3730929946472932,1.296600233711428
Agent 0,-0.09019655032316848,0.04413513188519296
Agent 1,-0.19357575437051408,-0.0652648190262744
Agent 2,-0.09345533735386863,0.11506795832785126
Agent 3,-0.10418044589500167,0.17955431963408464
Agent 4,-0.13895251216129317,0.27312873935653537
Agent 5,-0.23337165991402942,0.4875496891193355
Agent 6,-0.25041038727985343,0.6680365589638969
Agent 7,-0.29390780515657405,0.8564939229822484
Agent 8,-0.35023794072777503,1.101726663299026
Agent 9,-0.3849137592726733,1.288581225060308
Agent 0,-0.09365213008395408,0.042707538164456126
Agent 1,-0.20089026010028405,-0.0795649560616297
Agent 2,-0.09578596754953263,0.11190321524432133
Agent 3,-0.10669799685455997,0.1801270016901244
Agent 4,-0.14563604054224377,0.2585145981431671
Agent 5,-0.24060494235570398,0.47319039658726414
Agent 6,-0.2582401334815954,0.6563257279741219
Agent 7,-0.3041596709771031,0.8451421828855399
Agent 8,-0.3620244779024522,1.0908003709401157
Agent 9,-0.39874325496160845,1.2803699509057387
Agent 0,-0.09616494995091741,0.04155586282842232
Agent 1,-0.20822957971660638,-0.09387120668126231
Agent 2,-0.09689773025751515,0.11098393607671798
Agent 3,-0.11229391913560866,0.17996271575701298
Agent 4,-0.15231881338011496,0.24389474318516213
Agent 5,-0.24750771601626667,0.4595688486673159
Agent 6,-0.2680646203107088,0.6435875647653717
Agent 7,-0.31524675428156534,0.8334975379664404
Agent 8,-0.37287998415838436,1.0808357240819444
Agent 9,-0.4125409087196385,1.2721299913623796
Agent 0,-0.10284621688906001,0.03806069852958948
Agent 1,-0.21557326539196117,-0.10817571095818167
Agent 2,-0.09914534267119822,0.10988022319473661
Agent 3,-0.11035160317330982,0.1790540160030883
Agent 4,-0.15854904338932774,0.2324765405488334
Agent 5,-0.2551483239857641,0.44542342750143943
Agent 6,-0.2778412346232976,0.6308404307002288
Agent 7,-0.325468665234954,0.8228480825201173
Agent 8,-0.3852085139908606,1.0705107300613494
Agent 9,-0.42606300282713244,1.2640553592871455
Agent 0,-0.10936937882120726,0.034103376364451564
Agent 1,-0.22291559724442025,-0.12247857626504711
Agent 2,-0.09962664035035264,0.10498936461670899
Agent 3,-0.11570779457483622,0.17100448283477174
Agent 4,-0.16620141962705062,0.21861288546827043
Agent 5,-0.2624549517330282,0.4319543836701265
Agent 6,-0.28760232444406314,0.6180753586815398
Agent 7,-0.33709634505192987,0.8117424952003507
Agent 8,-0.3975116139966728,1.060165421387145
Agent 9,-0.43888153074180974,1.2566757227429468
Agent 0,-0.11979218097451919,0.02684222980869786
Agent 1,-0.23025717233469312,-0.136780938324137
Agent 2,-0.10123942013441771,0.09735198883730095
Agent 3,-0.12039484983015428,0.16609011920387662
Agent 4,-0.17222148033635715,0.21211459442645822
Agent 5,-0.27046363286701,0.41801437660733043
Agent 6,-0.29736225609937145,0.6053036693505588
Agent 7,-0.3486947069234081,0.8006128962771798
Agent 8,-0.40829872917511506,1.0512065233355798
Agent 9,-0.4531463681258006,1.2492547788533745
Agent 0,-0.12813706011942003,0.016953236392610156
Agent 1,-0.23759863243077747,-0.15108334788761826
Agent 2,-0.10473748731383367,0.08651416904910508
Agent 3,-0.1262582699563127,0.15605311328536844
Agent 4,-0.1764360158473119,0.20849657207058567
Agent 5,-0.27792679333094505,0.4051286458923903
Agent 6,-0.30570871554239254,0.5945659772026437
Agent 7,-0.3590402705054381,0.7907962880314756
Agent 8,-0.4213548244922935,1.0418098428762177
Agent 9,-0.46722663578592594,1.2419059238192394
Agent 0,-0.14393466599809412,0.006663892800555851
Agent 1,-0.2449401784756152,-0.1653858744343024
Agent 2,-0.10807632447903928,0.0712943934670625
Agent 3,-0.13199737883567975,0.1413476738000887
Agent 4,-0.18515813387790836,0.19505609162777132
Agent 5,-0.2865239130070367,0.3915411583384021
Agent 6,-0.31662161232643016,0.5827419572146556
Agent 7,-0.37136122438032215,0.7804578688571797
Agent 8,-0.4343701868070115,1.032385217751766
Agent 9,-0.47987597866275455,1.235499639871119
Agent 0,-0.15611533245198217,-0.005964158229459824
Agent 1,-0.252281792258602,-0.17968845702441913
Agent 2,-0.11150716837230502,0.05558506872302365
Agent 3,-0.13773711155873558,0.12630876427792437
Agent 4,-0.19393022671450366,0.18171262745092553
Agent 5,-0.2950912501821072,0.3779423541867156
Agent 6,-0.32747261898847635,0.5709065057808697
Agent 7,-0.3836457787637225,0.77009578302726
Agent 8,-0.44737043009468497,1.022936113880829
Agent 9,-0.49465665010560356,1.229157529434536
Agent 0,-0.16241099997623523,-0.014169713171493688
Agent 1,-0.259623424845705,-0.19399105163174288
Agent 2,-0.11498633637102161,0.039886078342176605
Agent 3,-0.1434786417427704,0.11128340834049047
Agent 4,-0.20267977027326356,0.16828192128669978
Agent 5,-0.30281458439006603,0.3658304953322291
Agent 6,-0.3383119584629601,0.5590486230950549
Agent 7,-0.3959056896814848,0.7597228025748305
Agent 8,-0.4585359912598715,1.0149437940964634
Agent 9,-0.5094059170776908,1.2227784376271298
Agent 0,-0.17413309982604963,-0.029514004174079313
Agent 1,-0.2669650539709075,-0.20829364462548738
Agent 2,-0.11655505299689328,0.03198435210599596
Agent 3,-0.1492177856438523,0.09626242625314096
Agent 4,-0.21146422782824867,0.15483813679514613
Agent 5,-0.3122282105707822,0.3527895865959315
Agent 6,-0.3491511304668864,0.5471822782653597
Agent 7,-0.40633910172275806,0.7510378816081774
Agent 8,-0.47232774281708817,1.006656913310954
Agent 9,-0.5231885515352991,1.2168701660065664
Agent 0,-0.18222046769070782,-0.04520397137752591
Agent 1,-0.2743066775665368,-0.22259623539922174
Agent 2,-0.12308947981206016,0.024384395314708394
Agent 3,-0.15491187739974344,0.08668294247759527
Agent 4,-0.22026728255162495,0.141389449112687
Agent 5,-0.3216012781001709,0.3397388049823238
Agent 6,-0.3593368381037274,0.5361389323643213
Agent 7,-0.4195406451048839,0.7418367843344676
Agent 8,-0.4860738163566489,0.9983391484145517
Agent 9,-0.5381827111628523,1.2110663521235017
Agent 0,-0.1896833743669542,-0.06087397036393395
Agent 1,-0.2816482989226174,-0.23689882540620447
Agent 2,-0.1230915841641612,0.024344537683069777
Agent 3,-0.1609183340273727,0.08637467416562913
Agent 4,-0.22907717956800283,0.12794072931972095
Agent 5,-0.3309597754748063,0.3266730172244289
Agent 6,-0.3706518476825749,0.5247140724556487
Agent 7,-0.43269044648997806,0.7326075304937432
Agent 8,-0.4998054065731138,0.9899929091369466
Agent 9,-0.5517448698336739,1.2058947392518138
Agent 0,-0.19631592016082597,-0.07653890951125106
Agent 1,-0.28898992015744696,-0.25120141535717105
Agent 2,-0.129500309409929,0.019435568009747477
Agent 3,-0.16731260127226866,0.08220837533495737
Agent 4,-0.23788822937480186,0.11449270560201445
Agent 5,-0.3392448432291348,0.3152692363381216
Agent 6,-0.3816258110672114,0.513649402729027
Agent 7,-0.44582289597096575,0.7233490118418675
Agent 8,-0.5118806321361191,0.9827613462771935
Agent 9,-0.5670437339563323,1.200943166748026
Agent 0,-0.20105806089589257,-0.092205324345758
Agent 1,-0.29633154174150483,-0.26550400539438085
Agent 2,-0.1365311621136061,0.01378552126089911
Agent 3,-0.1736764806206529,0.07725063260403284
Agent 4,-0.24669873838360892,0.10104495989172468
Agent 5,-0.3495552066032298,0.302921099377979
Agent 6,-0.392743600133692,0.5028347108587785
Agent 7,-0.4585136689757445,0.7144395023308657
Agent 8,-0.5262129799021829,0.9754566857724807
Agent 9,-0.5820128101929573,1.1960807173338885
Agent 0,-0.204659039897843,-0.10787375110162346
Agent 1,-0.3036731635488058,-0.27980659553653653
Agent 2,-0.14822163831856983,0.0030001931899902557
Agent 3,-0.18003242971786365,0.06950659318556848
Agent 4,-0.2555089090768163,0.08759718697168334
Agent 5,-0.35981830307057083,0.2905624227110882
Agent 6,-0.404280230350239,0.4920333218256273
Agent 7,-0.4714812159162733,0.7057486001036029
Agent 8,-0.5405101735437532,0.9681208874422272
Agent 9,-0.5958477994541714,1.1918356219287758
Agent 0,-0.2082579475298499,-0.12354260462429965
Agent 1,-0.3110147854456349,-0.29410918577309786
Agent 2,-0.16065044911807486,-0.011727615605747683
Agent 3,-0.186389777016124,0.05741115010884922
Agent 4,-0.2641031544484255,0.07453572783291965
Agent 5,-0.37006679918722146,0.27818526104420166
Agent 6,-0.4150750224086303,0.4822064521542221
Agent 7,-0.48426718610479963,0.6975213782615663
Agent 8,-0.5536713862014039,0.9614354604545059
Agent 9,-0.611450183993015,1.187942520638468
Agent 0,-0.21185747525711393,-0.13921128686122572
Agent 1,-0.318356407383739,-0.30841177606501075
Agent 2,-0.17056074748910002,-0.0250092260883104
Agent 3,-0.1927489835215558,0.04368282322051198
Agent 4,-0.2730707088979485,0.0613547975386576
Agent 5,-0.3795572580188348,0.2668355676762164
Agent 6,-0.42747454638522997,0.4719681601976361
Agent 7,-0.4980235107366871,0.6892008438975699
Agent 8,-0.5683091204738291,0.9547826521040998
Agent 9,-0.6264587777422743,1.1842019139244488
Agent 0,-0.2154579202747206,-0.15487974391899756
Agent 1,-0.3256980293243903,-0.32271436633291417
Agent 2,-0.18046611821863162,-0.040074195190950984
Agent 3,-0.19910919849723216,0.030856522416436754
Agent 4,-0.28126097408407263,0.04958259109341031
Agent 5,-0.3903976242948966,0.2549581789714359
Agent 6,-0.4398405948089323,0.46169929332033455
Agent 7,-0.5099749821818161,0.6820796097798961
Agent 8,-0.5818130992943752,0.9487031956608318
Agent 9,-0.6411881403087568,1.1808908499845503
Agent 0,-0.21905879137740883,-0.17054809729542372
Agent 1,-0.3330396512257781,-0.33701695652518787
Agent 2,-0.18769202296940302,-0.055121982642430595
Agent 3,-0.2054691007885626,0.016301761563986814
Agent 4,-0.29119315824336645,0.03693299984185457
Agent 5,-0.401210919630312,0.2430677822357831
Agent 6,-0.45065901889179444,0.45282465497526675
Agent 7,-0.5243459738331856,0.6748513489138983
Agent 8,-0.5967324814395272,0.94271056488101
Agent 9,-0.6569233833915187,1.1778761907410995
Agent 0,-0.22265972849734564,-0.18621643407840474
Agent 1,-0.340381273065683,-0.3513195466526778
Agent 2,-0.19397250991229487,-0.07015741423046183
Agent 3,-0.21182855350928437,0.001549507868897162
Agent 4,-0.3010801854803101,0.02426797097722728
Agent 5,-0.41057891779635575,0.23290105704903627
Agent 6,-0.4637829263657312,0.4435221047282959
Agent 7,-0.5386762999406679,0.667580702005386
Agent 8,-0.6101276130419397,0.9374075819175638
Agent 9,-0.6703963161522529,1.1754274813733716
Agent 0,-0.226260629333369,-0.20188477883856748
Agent 1,-0.34772289486607144,-0.3656221367884456
Agent 2,-0.199765759558027,-0.08519008397841363
Agent 3,-0.21818787234951062,-0.013216398604821905
Agent 4,-0.3109522004133115,0.01158601526905567
Agent 5,-0.422349496387654,0.2219338672540771
Agent 6,-0.47686606257058123,0.4341920435515585
Agent 7,-0.5522392918560928,0.6607356846663476
Agent 8,-0.625378766926524,0.9323109040564834
Agent 9,-0.6864021894193783,1.1737996836415348
Agent 0,-0.2298615074316901,-0.21755312867712534
Agent 1,-0.3550645166735804,-0.3799247270015262
Agent 2,-0.20546191215736487,-0.10022387167821008
Agent 3,-0.22454722617714723,-0.027982101266768474
Agent 4,-0.32029863723686813,-0.0003288192201839178
Agent 5,-0.43407120538948196,0.21094406813087682
Agent 6,-0.48971142260626,0.4250259422557655
Agent 7,-0.5667993298767722,0.6539189240788703
Agent 8,-0.6397909869823061,0.9275140940758119
Agent 9,-0.7023781690801016,1.1721210134729847
Agent 0,-0.23346238623807325,-0.23322147814257083
Agent 1,-0.3624061385219526,-0.39422731729507093
Agent 2,-0.21115588340477845,-0.11525854933320366
Agent 3,-0.23062678634166417,-0.041960696444818125
Agent 4,-0.3306165627464597,-0.012660540934729313
Agent 5,-0.44577284383666066,0.19992908688874522
Agent 6,-0.5016511595245294,0.4167860667362454
Agent 7,-0.5791643708303592,0.6482277999158118
Agent 8,-0.6547363027422604,0.9230439101947491
Agent 9,-0.7162639460867752,1.1707622645145348
Agent 0,-0.23706327233460237,-0.24888982573134832
Agent 1,-0.3697477604102806,-0.40852990760310265
Agent 2,-0.21684940308221787,-0.13029341278325776
Agent 3,-0.2374491662558169,-0.05651964036015877
Agent 4,-0.34075644057848137,-0.024780662381828283
Agent 5,-0.4564058860779849,0.19002923708680444
Agent 6,-0.5153468495357387,0.408357221097138
Agent 7,-0.594290103302478,0.6427415956009624
Agent 8,-0.6688441637698369,0.9191342453746594
Agent 9,-0.7323439401751602,1.1703325157781976
Agent 0,-0.24066416290283585,-0.2645581721966177
Agent 1,-0.3770893823074217,-0.4228324978392739
Agent 2,-0.22254330565436192,-0.14532813405312706
Agent 3,-0.24425104959190028,-0.07108483322022924
Agent 4,-0.3504674577451811,-0.036077930562431436
Agent 5,-0.46873600642105245,0.17970393206300211
Agent 6,-0.5290126240845936,0.3998959256338307
Agent 7,-0.6093724910826259,0.6372104609713352
Agent 8,-0.684521459204346,0.915563774841752
Agent 9,-0.7478041018836603,1.1699146506034586
Agent 0,-0.24426505457773176,-0.2802265184864025
Agent 1,-0.3844310041869532,-0.43713508798082756
Agent 2,-0.22823757355898425,-0.16036271837854468
Agent 3,-0.25090039796417046,-0.08528997197181648
Agent 4,-0.36141191219554303,-0.047857290429856536
Agent 5,-0.48103593529702265,0.16935572295787438
Agent 6,-0.5406779217657266,0.39279708950490405
Agent 7,-0.6235518322888163,0.6320522386418276
Agent 8,-0.6982973815788504,0.9125025646529239
Agent 9,-0.7624484632791114,1.169878879161231
Agent 0,-0.2478659460121099,-0.29589486496638834
Agent 1,-0.39177262604154856,-0.45143767807893864
Agent 2,-0.23393198147551114,-0.17539725098225326
Agent 3,-0.25790358423197834,-0.09976141201941213
Agent 4,-0.37232724342389384,-0.05965446318690073
Agent 5,-0.4917859280428878,0.1604224535244155
Agent 6,-0.5550534144860299,0.3855721407270833
Agent 7,-0.6387486773261664,0.6270880468651969
Agent 8,-0.7141882946135101,0.9100274374822293
Agent 9,-0.7785108724062733,1.1705827315716608
Agent 0,-0.25146683715933654,-0.31156321160539174
Agent 1,-0.39911424788905653,-0.4657402682306955
Agent 2,-0.23962639932155214,-0.19043178078773104
Agent 3,-0.26457583142011537,-0.11344098970905618
Agent 4,-0.3819074087325305,-0.06988061074593767
Agent 5,-0.50485337805669,0.15104116473163293
Agent 6,-0.5693851000311906,0.37831074970157935
Agent 7,-0.6519172678860425,0.6229429478310274
Agent 8,-0.7289014621886101,0.9077686341754111
Agent 9,-0.7920783177425517,1.1712767093364655
Agent 0,-0.25506772825103163,-0.3272315581897835
Agent 1,-0.4064558697419538,-0.4800428584817536
Agent 2,-0.2453207998394123,-0.2054663176833544
Agent 3,-0.27203123295258697,-0.12768605530255286
Agent 4,-0.39369679469025576,-0.08082495490127634
Agent 5,-0.5178792481789463,0.14163144069863678
Agent 6,-0.5830629366077621,0.3714088669438332
Agent 7,-0.6675801218021308,0.6192734336196428
Agent 8,-0.7445209656341255,0.9060139686609988
Agent 9,-0.8080248675391032,1.1734039540635122
Agent 0,-0.25866861942017494,-0.3428999046200927
Agent 1,-0.41379749160207413,-0.4943454488030013
Agent 2,-0.2510151927700559,-0.220500857639764
Agent 3,-0.2794645303634471,-0.14193905942260687
Agent 4,-0.4054423975208482,-0.09179209640054273
Agent 5,-0.5302481588471423,0.1327359909154046
Agent 6,-0.5971413252705161,0.36478083168680475
Agent 7,-0.6832091271743194,0.6155566980232371
Agent 8,-0.7586929452878366,0.9046845980418823
Agent 9,-0.8229078028235751,1.1754064039460157
Agent 0,-0.2622695106744206,-0.3585682509134004
Agent 1,-0.4211391134544254,-0.5086480390983339
Agent 2,-0.2567095870191865,-0.23553539702439755
Agent 3,-0.28667585195637285,-0.1557159789094915
Agent 4,-0.41716918518238727,-0.10278210612386132
Agent 5,-0.543539750626093,0.12372541447798789
Agent 6,-0.6107714983050937,0.35871099047275656
Agent 7,-0.6964534334284421,0.6125197363716335
Agent 8,-0.7747649421987854,0.9041413520405452
Agent 9,-0.8377130659724279,1.1779697289757316
Agent 0,-0.26587040198176937,-0.3742365972296178
Agent 1,-0.42848073529601355,-0.5229506293016133
Agent 2,-0.26240398422578115,-0.25056993514542036
Agent 3,-0.29437901749024875,-0.16982757793072764
Agent 4,-0.42786570857074463,-0.11269953131493377
Agent 5,-0.5549022175241424,0.11616815469130401
Agent 6,-0.6256909981004564,0.35272041487153855
Agent 7,-0.7123798903041916,0.6102306457997879
Agent 8,-0.7887773563681817,0.9037392751412284
Agent 9,-0.852360398999689,1.1810856735674808
Agent 0,-0.2694712932895359,-0.3899049436752271
Agent 1,-0.4358223571377751,-0.5372532194171344
Agent 2,-0.2680983829694878,-0.26560447258663705
Agent 3,-0.3015078277998068,-0.18274681056334358
Agent 4,-0.44019601351147,-0.1230239105369854
Agent 5,-0.5689731446680252,0.10836529671742237
Agent 6,-0.6386041901531834,0.34763021602167377
Agent 7,-0.7282538168308562,0.6079022568602472
Agent 8,-0.8048472651712726,0.9043474427770477
Agent 9,-0.8668509559305927,1.184762368024431
Agent 0,-0.2730721845535078,-0.40557329026214184
Agent 1,-0.4431639790035272,-0.551555809527798
Agent 2,-0.27379278205395763,-0.28063900997028784
Agent 3,-0.30988755861560024,-0.196471097022007
Agent 4,-0.4524973950418372,-0.13337054390970102
Agent 5,-0.5829943596902843,0.10052708291010919
Agent 6,-0.6539550388163998,0.3428236724958577
Agent 7,-0.7416833991213265,0.6060276495958027
Agent 8,-0.8188198864074396,0.9049566569426518
Agent 9,-0.8811083594237531,1.1889984297499394
Agent 0,-0.2766730757476105,-0.42124163686778654
Agent 1,-0.4476376514268513,-0.5503876712056408
Agent 2,-0.2794871810838218,-0.2956735475171434
Agent 3,-0.318233240078979,-0.21020596303692132
Agent 4,-0.46337433171318604,-0.14241298346140668
Agent 5,-0.5962646419762031,0.09314580005620031
Agent 6,-0.6692348921841791,0.3379867268872992
Agent 7,-0.7577509012877522,0.6051758420693265
Agent 8,-0.8348007796535292,0.9067387149500814
Agent 9,-0.8951574569022263,1.1938328858140583
Agent 0,-0.28027396688713374,-0.4369099833574667
Agent 1,-0.4542136067009155,-0.5486180198671945
Agent 2,-0.28518158005195177,-0.3107080852092525
Agent 3,-0.32643367162048137,-0.2236960338744701
Agent 4,-0.4763841818621622,-0.15187108549551775
Agent 5,-0.6102985837212979,0.0858896196324956
Agent 6,-0.6822311606716082,0.3339845200335957
Agent 7,-0.7731574051064216,0.6043549092466638
Agent 8,-0.8483828882593207,0.9083464615691988
Agent 9,-0.9089027184042912,1.199238376943088
Agent 0,-0.2838748580291676,-0.4525783297093345
Agent 1,-0.46168456948790065,-0.5471824504696918
Agent 2,-0.29087597896356165,-0.32574262288853123
Agent 3,-0.33440700306852517,-0.23640995504692694
Agent 4,-0.48935638808018944,-0.16135660929490217
Agent 5,-0.6230766819789635,0.0795320961176337
Agent 6,-0.6979523235743389,0.33055946949446974
Agent 7,-0.7876581276919822,0.6039547610785578
Agent 8,-0.8641588133694439,0.9114717773305819
Agent 9,-0.9223617459241625,1.2052631336022672
Agent 0,-0.28747574923593,-0.46824667601542874
Agent 1,-0.4691224485760023,-0.5462362142374543
Agent 2,-0.29657037779904816,-0.34077716044544465
Agent 3,-0.34342766190715995,-0.249719886671909
Agent 4,-0.5015624789053701,-0.17022924846679924
Agent 5,-0.6378722236639125,0.07322957519078559
Agent 6,-0.7136372685407297,0.32708822067252985
Agent 7,-0.8035227765572375,0.6043393218338178
Agent 8,-0.8775448194016975,0.9141924532886275
Agent 9,-0.9354394844985483,1.2118756923841238
Agent 0,-0.2910766405337212,-0.4839150224097105
Agent 1,-0.4754290335762828,-0.5449839768078184
Agent 2,-0.30226477657327067,-0.35581169789410017
Agent 3,-0.35242007569130196,-0.26304245824284744
Agent 4,-0.5148669733844375,-0.179255858520445
Agent 5,-0.6518957510140729,0.06726555714658543
Agent 6,-0.726938936769682,0.3242709845434736
Agent 7,-0.8173493686069705,0.6048616433297668
Agent 8,-0.8927225117572051,0.9185847471482628
Agent 9,-0.9481289899113907,1.2191161559174046
Agent 0,-0.2946775318842866,-0.4995833689319746
Agent 1,-0.47454502338501714,-0.5451729954091462
Agent 2,-0.30795917535592937,-0.37084623535243055
Agent 3,-0.36007486640987474,-0.2742094952044483
Agent 4,-0.5266293470719008,-0.1871267846170867
Agent 5,-0.6661670647849677,0.061694918860141036
Agent 6,-0.7428984528607713,0.32223730614796897
Agent 7,-0.8333354499020258,0.6066300835551186
Agent 8,-0.9059091963125004,0.922599807788579
Agent 9,-0.960334603302162,1.226954743163257
Agent 0,-0.2982784232127095,-0.5152517155246311
Agent 1,-0.474254638805001,-0.5453249843058522
Agent 2,-0.31323603897539326,-0.3845477584773868
Agent 3,-0.3702819657159228,-0.2866512689081031
Agent 4,-0.5405364759368139,-0.19520596381102573
Agent 5,-0.6804079006906041,0.056586651973274484
Agent 6,-0.758132544088443,0.32029969397800656
Agent 7,-0.847143602133276,0.6082363295288037
Agent 8,-0.920144947519467,0.9281900539382817
Agent 9,-0.9720321954577945,1.235418387966559
Agent 0,-0.3018793144485152,-0.5309200620478842
Agent 1,-0.4746135382529264,-0.5463514032184734
Agent 2,-0.31971323147080266,-0.39926654211675466
Agent 3,-0.3804256519698371,-0.29909831388486585
Agent 4,-0.5544062921610737,-0.20332428072887507
Agent 5,-0.6950983407754797,0.051852845692968975
Agent 6,-0.7727891072820428,0.3188592279562089
Agent 7,-0.8628441162663132,0.6111990999308022
Agent 8,-0.9330943195276452,0.9337302821934809
Agent 9,-0.9831052833470183,1.2444470417249425
Agent 0,-0.3054802055891393,-0.5465884084541368
Agent 1,-0.4719691600126429,-0.5432709535025828
Agent 2,-0.32615540461001064,-0.41399034176212923
Agent 3,-0.3905573059319984,-0.31156613593534827
Agent 4,-0.5666386670060263,-0.21039314622899408
Agent 5,-0.7092582030638475,0.047670937389279015
Agent 6,-0.7883783947388177,0.3180497349950926
Agent 7,-0.876222869182662,0.6138636912843306
Agent 8,-0.9461989260028973,0.9404494465828069
Agent 9,-0.9935541474777027,1.2541217716623692
Agent 0,-0.3090810966915962,-0.5622567547745867
Agent 1,-0.4770917332195828,-0.5459234858328722
Agent 2,-0.33229599007387306,-0.4279355589539459
Agent 3,-0.40068866089520444,-0.3240423613082149
Agent 4,-0.5810628268899207,-0.21750993210778893
Agent 5,-0.7246912227977776,0.043820502698088376
Agent 6,-0.8025783710032378,0.31760619408789575
Agent 7,-0.8914797883778159,0.6181906393094561
Agent 8,-0.9585398591436324,0.9475551569019391
Agent 9,-1.003279361443037,1.2643728440471251
Agent 0,-0.31268198784882406,-0.5779251011482213
Agent 1,-0.4772993895320175,-0.5448128487622746
Agent 2,-0.3391808852671659,-0.4424641879708901
Agent 3,-0.40956148132461984,-0.33479430862500364
Agent 4,-0.5954545906854081,-0.22465944079510164
Agent 5,-0.7381600430496666,0.040616461009905486
Agent 6,-0.8185836914805514,0.3180719508641954
Agent 7,-0.9046356904895211,0.6221154943667822
Agent 8,-0.970468735052394,0.9554942959596928
Agent 9,-1.012198809842863,1.2751730505172665
Agent 0,-0.3162828791093985,-0.5935934476331979
Agent 1,-0.47831680700217344,-0.5492349684362203
Agent 2,-0.34548730444759906,-0.45561584176485326
Agent 3,-0.42067428170258053,-0.34642577177159306
Agent 4,-0.6078112610976031,-0.23067838075869376
Agent 5,-0.7540407926878063,0.0380595820067459
Agent 6,-0.8321896737617434,0.3185664581808776
Agent 7,-0.9189452189178371,0.6276438799204529
Agent 8,-0.981738989724556,0.9640500571317034
Agent 9,-1.020226170865461,1.2864831543673614
Agent 0,-0.31988377045783606,-0.6092617942146187
Agent 1,-0.48214149061502654,-0.5488761906365048
Agent 2,-0.3531500127168606,-0.4697535748882479
Agent 3,-0.4317362911841492,-0.358070995318438
Agent 4,-0.6227769097358843,-0.23658342515485248
Agent 5,-0.7684739137582746,0.035786789980791635
Agent 6,-0.8481635503889767,0.3204556201311559
Agent 7,-0.9319230492659645,0.6331062476473092
Agent 8,-0.9923158216211385,0.9732883854007832
Agent 9,-1.026616679508855,1.2969530270227339
Agent 0,-0.32348466181155194,-0.6249301407599797
Agent 1,-0.4824495324747299,-0.5501738900973605
Agent 2,-0.3607732648713803,-0.48390046097448935
Agent 3,-0.44278315534768087,-0.3697394016669208
Agent 4,-0.6377026913480468,-0.2425286623588439
Agent 5,-0.7840425757736206,0.03411055780071511
Agent 6,-0.8618579901432156,0.32214582076668247
Agent 7,-0.945051781998644,0.6397354927594053
Agent 8,-1.0021065991120792,0.983166520775258
Agent 9,-1.0318477401326047,1.3073428238315932
Agent 0,-0.32708555309262316,-0.640598487192915
Agent 1,-0.48724257133638477,-0.5494954401051035
Agent 2,-0.36738209181206355,-0.49597464135445873
Agent 3,-0.4521336498155341,-0.37946543695362106
Agent 4,-0.6509267512573844,-0.24770178745025204
Agent 5,-0.7981189019942768,0.03287503561716294
Agent 6,-0.8772879605144943,0.3252573522427428
Agent 7,-0.9574418132059044,0.6467837942612581
Agent 8,-1.0110105062905959,0.9936567798583061
Agent 9,-1.0354989142778936,1.3151525683057692
Agent 0,-0.3173137995760716,-0.6537724784067198
Agent 1,-0.488486299679884,-0.5462078482198893
Agent 2,-0.3761877087532062,-0.5094409022465922
Agent 3,-0.46426889732646875,-0.3900348407770257
Agent 4,-0.6662394146824376,-0.2526184753541948
Agent 5,-0.8141532091771937,0.03247775134053612
Agent 6,-0.8908085825959092,0.3282287881556587
Agent 7,-0.9693568677118553,0.6546016280160479
Agent 8,-1.018873657033195,1.0047172929402997
Agent 9,-1.0381247418478345,1.3230224738127727
Agent 0,-0.31048768778601993,-0.6690806797427584
Agent 1,-0.48970758151644955,-0.5448653615814283
Agent 2,-0.38493622993751453,-0.5229100753673559
Agent 3,-0.4763479739469316,-0.4006259902158046
Agent 4,-0.6807237826016573,-0.2572494641968747
Agent 5,-0.8277316740156957,0.032250348691729255
Agent 6,-0.9054858602694589,0.33262950318610024
Agent 7,-0.9806811803649532,0.6631194961834891
Agent 8,-1.025558747207023,1.016276919669044
Agent 9,-1.040827363209734,1.3320641994213798
Agent 0,-0.3039737622790325,-0.6844058251382837
Agent 1,-0.49356874044266913,-0.5437439003125932
Agent 2,-0.3924699795307562,-0.5343024213329768
Agent 3,-0.48840549687204105,-0.41124573208900006
Agent 4,-0.6954477108081888,-0.26145310966450797
Agent 5,-0.8437842738212227,0.03327614900752468
Agent 6,-0.9188443877161412,0.3370779619076321
Agent 7,-0.9913092712285819,0.6722910831528242
Agent 8,-1.0309072634832166,1.0281647822306934
Agent 9,-1.0421135313055048,1.3382183884450731
Agent 0,-0.2992504102950671,-0.6997365210978755
Agent 1,-0.4938049803539415,-0.5435184803116715
Agent 2,-0.4023910375583693,-0.5469687091970445
Agent 3,-0.4987650199534505,-0.4202406836526144
Agent 4,-0.7100477147974783,-0.26518140202683455
Agent 5,-0.8574737196864571,0.03423678721119844
Agent 6,-0.9324992730779134,0.342695385011805
Agent 7,-1.0011600149805393,0.6821119505340915
Agent 8,-1.0348733068136717,1.0406425128167307
Agent 9,-1.0433946152907712,1.347485568459621
Agent 0,-0.2972476811938863,-0.715066504436253
Agent 1,-0.5008820705470813,-0.5431789106526625
Agent 2,-0.40752532452126883,-0.5540242671950975
Agent 3,-0.5117250302663339,-0.429777009165028
Agent 4,-0.7251370882637673,-0.2684825124278703
Agent 5,-0.8730122439091985,0.036549176657220545
Agent 6,-0.945412935674681,0.34874950343757766
Agent 7,-1.009653413645228,0.6919022096490386
Agent 8,-1.03723520974126,1.053176057185681
Agent 9,-1.0437801402309008,1.3524253251667284
